Instance_Name, Value, Solution, CPU_Time
instancia_00.txt, 242.17909849681092, "[1, 11, 11, 11, 10, 6, 8, 1]; [1, 5, 4, 9, 11, 11, 11, 11, 11, 11, 11, 11, 7, 2, 3, 11, 1]", 0.23123955726623535
instancia_01.txt, 394.5839440374721, "[1, 14, 12, 5, 4, 26, 7, 9, 11, 1]; [1, 17, 20, 22, 15, 1]; [1, 10, 8, 6, 3, 2, 30, 1]; [1, 13, 16, 19, 21, 18, 27, 1]", 34.48491716384888
instancia_03.txt, 588.6120169461087, "[1, 19, 24, 12, 13, 11, 16, 17, 14, 8, 18, 10, 9, 15, 1, 20, 21, 23, 1]; [1, 22, 27, 29, 28, 36, 30, 26, 25, 7, 1]; [1, 4, 5, 6, 2, 3, 35, 1]; [1]", 41.40466809272766
instancia_05.txt, 639.1545934581164, "[1, 47, 13, 48, 5, 18, 38, 16, 46, 34, 40, 11, 58, 50, 1]; [1, 28, 2, 23, 29, 32, 27, 9, 49, 24, 8, 54, 44, 25, 1]; [1, 33, 3, 21, 36, 37, 4, 30, 59, 17, 51, 10, 22, 1]; [1, 7, 15, 26, 14, 42, 20, 41, 52, 43, 45, 1]; [1, 19, 31, 35, 59, 39, 6, 12, 56, 1]", 69.56646037101746
instancia_07.txt, 1115.7842011589385, "[1, 54, 59, 41, 22, 74, 73, 75, 23, 76, 57, 40, 68, 26, 108, 56, 1]; [1, 32, 89, 63, 11, 31, 71, 33, 64, 91, 107, 67, 66, 36, 35, 110, 1]; [1, 29, 27, 13, 81, 69, 30, 25, 55, 5, 108, 42, 24, 16, 44, 43, 102, 18, 47, 1]; [1, 28, 70, 2, 51, 77, 78, 4, 80, 34, 82, 10, 52, 21, 72, 110, 79, 93, 1]; [1, 6, 61, 84, 9, 46, 85, 62, 17, 87, 45, 102, 39, 15, 58, 1]; [1, 90, 7, 97, 100, 60, 94, 86, 99, 38, 101, 92, 88, 3, 1]; [1, 53, 19, 83, 49, 48, 37, 50, 20, 12, 104, 65, 8, 96, 1]; [1, 14, 95, 98, 1]", 127.4090850353241
