Instance_Name, Value, Solution, CPU_Time
instancia_00.txt, 246.71416439729373, "[1, 6, 8, 10, 11, 3, 2, 7, 9, 11, 1]; [1, 5, 4, 12, 1]", 13.795435905456543
instancia_01.txt, 448.63146697843325, "[1, 14, 12, 4, 5, 26, 7, 11, 9, 25, 1]; [1, 13, 16, 19, 21, 18, 27, 1]; [1, 15, 17, 20, 22, 23, 1]; [1, 6, 8, 10, 29, 3, 2, 30, 1]", 34.64053821563721
instancia_03.txt, 625.1221714112723, "[1, 20, 21, 23, 4, 5, 2, 7, 25, 26, 30, 28, 36, 29, 27, 19, 1]; [1, 22, 9, 15, 10, 18, 8, 17, 14, 16, 12, 31, 1]; [1, 24, 11, 13, 31, 6, 3, 35, 1]; [1]", 41.434513568878174
instancia_05.txt, 698.5257841083536, "[1, 28, 49, 9, 27, 32, 29, 4, 21, 36, 60, 37, 30, 1]; [1, 13, 48, 5, 19, 26, 15, 18, 55, 1]; [1, 47, 6, 50, 11, 40, 35, 31, 10, 51, 59, 3, 1]; [1, 7, 24, 8, 44, 25, 1, 12, 33, 2, 23, 22, 17, 39, 59, 1]; [1, 14, 42, 20, 41, 43, 45, 55, 38, 16, 46, 34, 1]", 69.0092248916626
instancia_07.txt, 1266.3626981029502, "[1, 53, 28, 29, 70, 2, 51, 77, 78, 4, 80, 34, 82, 10, 110, 35, 1]; [1, 14, 95, 96, 98, 60, 99, 38, 101, 92, 17, 87, 1]; [1, 54, 41, 27, 13, 81, 69, 30, 79, 36, 72, 110, 66, 67, 21, 52, 1]; [1, 59, 88, 3, 74, 75, 23, 42, 58, 16, 105, 44, 15, 45, 39, 94, 100, 102, 93, 1]; [1, 90, 19, 84, 61, 6, 85, 46, 9, 83, 49, 48, 20, 104, 37, 1]; [1, 55, 25, 56, 5, 57, 40, 108, 68, 24, 76, 73, 22, 26, 108, 47, 103, 18, 7, 1]; [1, 32, 89, 11, 91, 33, 64, 12, 50, 104, 63, 8, 71, 31, 107, 65, 104, 43, 105, 1]; [1, 62, 86, 97, 1]", 127.92325520515442
